<?xml version="1.0" encoding="UTF-8" standalone="yes"?>
<addon id="plugin.video.ughh"
       name="UGHH"
       version="0.0.3"
       provider-name="r0tt">
  <requires>
    <import addon="xbmc.python" version="2.0"/>
  </requires>
  <extension point="xbmc.python.pluginsource"
            library="default.py">
        <provides>video</provides>
  </extension>
  <extension point="xbmc.addon.metadata">
    <summary lang="en">Watch HipHop/RapVideos</summary>
    <language>en</language>
    <description lang="en">Watch HipHop/RapVideos from UGHH.com</description>
     <platform>all</platform>
  </extension>
</addon>